SET NAMES 'utf8mb4' COLLATE 'utf8mb4_unicode_ci';
USE Society;
INSERT INTO ProjectCategories (CategoryID,CategoryName, Description) VALUES 
('01','手工', '手工艺品制作相关扶贫项目'),
('02','水果种植', '水果种植农业扶贫项目'),
('03','畜禽养殖', '家禽牲畜养殖扶贫项目'),
('04','特色加工', '特色农产品加工项目'),
('05','乡村旅游', '乡村旅游开发项目');

INSERT INTO Villages(VillageID,VillageName,VillageType) VALUES
(1, '凤城镇', '镇'),
(2, '长洲镇', '镇'),
(3, '三门海镇', '镇'),
(4, '砦牙乡', '乡'),
(5, '乔音乡', '乡'),
(6, '巴烈村', '村'),
(7, '久文村', '村'),
(8, '拉仁村', '村'),
(9, '板任村', '村'),
(10, '板叶村', '村');

INSERT INTO Enterprises(EnterpriseID,EnterpriseName,Principal,ContactPhone,PurchaseContent,TotalPurchaseAmount,PurchaseProgress) VALUES
(1,'广西锦绣工艺品有限公司', '陈明华', '0771-2345678', '竹编工艺品', 280000.00, 75.00),
(2,'八桂民族服饰企业', '黄秀英', '0772-3456789', '壮族刺绣', 150000.00, 60.00),
(3,'南宁艺博文化公司', '李建国', '0771-4567890', '木雕工艺品', 320000.00, 45.00),
(4,'柳州手工编织厂', '韦志强', '0772-5678901', '藤编家具', 180000.00, 90.00),
(5,'桂林山水画社', '张艺峰', '0773-6789012', '水墨画作品', 220000.00, 30.00),
(6,'河池民族银饰公司', '蓝凤仙', '0778-7890123', '银饰工艺品', 260000.00, 85.00),

-- 水果种植类企业 (6个)
(7,'广西鲜果贸易公司', '王丰收', '0771-8901234', '芒果', 450000.00, 80.00),
(8,'南宁果品批发市场', '刘果香', '0771-9012345', '荔枝', 380000.00, 65.00),
(9,'桂林柑橘合作社', '陈柑橘', '0773-0123456', '砂糖橘', 320000.00, 70.00),
(10,'柳州水果深加工厂', '李甜甜', '0772-1234567', '火龙果', 280000.00, 55.00),
(11,'百色特色果业', '黄果农', '0776-2345678', '香蕉', 190000.00, 95.00),
(12,'梧州水果进出口公司', '周贸易', '0774-3456789', '龙眼', 410000.00, 40.00),

-- 养殖类企业 (6个)
(13,'广西畜牧发展公司', '赵牧业', '0771-4567891', '土鸡', 350000.00, 75.00),
(14,'南宁肉类加工厂', '钱肉联', '0771-5678902', '黑猪', 420000.00, 60.00),
(15,'桂林水产养殖公司', '孙渔夫', '0773-6789013', '罗非鱼', 290000.00, 85.00),
(16,'河池特色养殖场', '李养殖', '0778-7890124', '山羊', 230000.00, 50.00),
(17,'玉林禽蛋公司', '周蛋品', '0775-8901235', '鸭蛋', 180000.00, 90.00),
(18,'钦州海产企业', '吴海鲜', '0777-9012346', '对虾', 390000.00, 35.00),

-- 特色加工类企业 (6个)
(19,'广西特色食品公司', '郑美食', '0771-0123457', '螺蛳粉', 320000.00, 70.00),
(20,'南宁酱料厂', '王调味', '0771-1234568', '桂林辣椒酱', 250000.00, 65.00),
(21,'柳州特产加工厂', '冯加工', '0772-2345679', '柳州酸笋', 190000.00, 95.00),
(22,'桂林酒业公司', '陈酿酒', '0773-3456780', '三花酒', 280000.00, 45.00),
(23,'梧州凉茶企业', '何凉茶', '0774-4567891', '龟苓膏', 210000.00, 80.00),
(24,'贺州特产公司', '周土产', '0774-5678902', '富川脐橙干', 170000.00, 60.00),

-- 乡村旅游类企业 (6个)
(25,'广西旅游发展集团', '钱旅游', '0771-6789013', '民宿体验券', 480000.00, 55.00),
(26,'南宁旅行社', '孙导游', '0771-7890124', '农家乐餐饮', 320000.00, 75.00),
(27,'桂林山水旅游公司', '李景区', '0773-8901235', '漓江游船票', 550000.00, 40.00),
(28,'阳朔旅游服务公司', '周服务', '0773-9012346', '印象刘三姐门票', 380000.00, 90.00),
(29,'北海旅游投资公司', '吴投资', '0779-0123457', '银滩观光', 290000.00, 65.00),
(30,'崇左边关旅游公司', '郑边境', '0771-1234569', '德天瀑布门票', 340000.00, 30.00);

INSERT INTO PoorHouseholds (HouseholdName, ContactPhone, VillageID, IndustryType, Scale, IncomeStatus) VALUES
('韦志强', '13877890001', 1, '手工', '小型手工作坊', 8500.00),
('黄秀英', '13877890002', 1, '水果种植', '3亩芒果园', 12000.00),
('蓝凤仙', '13877890003', 1, '畜禽养殖', '50只土鸡', 9800.00),
('罗建国', '13877890004', 1, '特色加工', '家庭酸笋加工', 11000.00),
('龙秀兰', '13877890005', 1, '乡村旅游', '农家乐民宿', 15000.00),
('覃志明', '13877890006', 2, '手工', '壮族刺绣', 9200.00),
('韦春花', '13877890007', 2, '水果种植', '5亩荔枝园', 13500.00),
('黄大强', '13877890008', 2, '畜禽养殖', '30头黑猪', 16000.00),
('蓝秀芬', '13877890009', 2, '特色加工', '辣椒酱制作', 10500.00),
('罗小芳', '13877890010', 2, '乡村旅游', '观光果园', 14200.00),
('龙志勇', '13877890011', 3, '手工', '竹编工艺品', 8800.00),
('覃秀梅', '13877890012', 3, '水果种植', '4亩砂糖橘', 12800.00),
('韦大伟', '13877890013', 3, '畜禽养殖', '100只鸭子', 11200.00),
('黄小玲', '13877890014', 3, '特色加工', '果脯制作', 9500.00),
('蓝志刚', '13877890015', 3, '乡村旅游', '生态农庄', 16800.00),
('罗秀珍', '13877890016', 4, '手工', '木雕工艺', 10200.00),
('龙小花', '13877890017', 4, '水果种植', '6亩火龙果', 14500.00),
('覃大勇', '13877890018', 4, '畜禽养殖', '40只山羊', 13200.00),
('韦小芬', '13877890019', 4, '特色加工', '腊肉制作', 11800.00),
('黄志强', '13877890020', 4, '乡村旅游', '民俗体验', 15500.00),
('蓝秀英', '13877890021', 5, '手工', '银饰制作', 12500.00),
('罗小梅', '13877890022', 5, '水果种植', '3亩香蕉园', 9800.00),
('龙大刚', '13877890023', 5, '畜禽养殖', '60只土鸡', 10800.00),
('覃秀芳', '13877890024', 5, '特色加工', '米酒酿造', 14200.00),
('韦志明', '13877890025', 5, '乡村旅游', '乡村客栈', 17200.00),
('黄秀珍', '13877890026', 6, '手工', '藤编家具', 9200.00),
('蓝小玲', '13877890027', 6, '水果种植', '5亩龙眼', 13800.00),
('罗大伟', '13877890028', 6, '畜禽养殖', '80只鹅', 12200.00),
('龙秀梅', '13877890029', 6, '特色加工', '豆腐制作', 10500.00),
('覃志强', '13877890030', 6, '乡村旅游', '农事体验', 14800.00),
('韦秀英', '13877890031', 7, '手工', '壮锦编织', 11500.00),
('黄小芳', '13877890032', 7, '水果种植', '4亩柑橘', 12800.00),
('蓝大勇', '13877890033', 7, '畜禽养殖', '50只兔子', 9800.00),
('罗秀兰', '13877890034', 7, '特色加工', '酱菜制作', 11200.00),
('龙志刚', '13877890035', 7, '乡村旅游', '摄影基地', 16200.00),
('覃秀珍', '13877890036', 8, '手工', '刺绣工艺', 10800.00),
('韦小梅', '13877890037', 8, '水果种植', '6亩葡萄', 15200.00),
('黄大刚', '13877890038', 8, '畜禽养殖', '70只鸡', 11800.00),
('蓝秀芳', '13877890039', 8, '特色加工', '蜂蜜加工', 13500.00),
('罗志明', '13877890040', 8, '乡村旅游', '写生基地', 17800.00),
('龙秀珍', '13877890041', 9, '手工', '竹艺制作', 9500.00),
('覃小玲', '13877890042', 9, '水果种植', '3亩柿子', 12200.00),
('韦大勇', '13877890043', 9, '畜禽养殖', '45只鸭', 10500.00),
('黄秀梅', '13877890044', 9, '特色加工', '茶叶加工', 14200.00),
('蓝志强', '13877890045', 9, '乡村旅游', '康养民宿', 16800.00),
('罗秀英', '13877890046', 10, '手工', '民族服饰', 11800.00),
('龙小芳', '13877890047', 10, '水果种植', '5亩枇杷', 13800.00),
('覃大刚', '13877890048', 10, '畜禽养殖', '55只猪', 12500.00),
('韦秀兰', '13877890049', 10, '特色加工', '食用油加工', 11200.00),
('黄志明', '13877890050', 10, '乡村旅游', '文化广场', 15500.00),
('蓝秀珍', '13877890051', 1, '手工', '手工艺品', 8800.00),
('罗小梅', '13877890052', 1, '水果种植', '4亩芒果', 13200.00),
('龙大伟', '13877890053', 1, '畜禽养殖', '65只鸡', 10800.00),
('覃秀芳', '13877890054', 1, '特色加工', '酸菜制作', 9800.00),
('韦志刚', '13877890055', 1, '乡村旅游', '农家餐馆', 14800.00),
('黄秀英', '13877890056', 2, '手工', '编织工艺', 10200.00),
('蓝小玲', '13877890057', 2, '水果种植', '5亩荔枝', 14200.00),
('罗大勇', '13877890058', 2, '畜禽养殖', '40头猪', 12800.00),
('龙秀梅', '13877890059', 2, '特色加工', '果酒酿造', 11500.00),
('覃志强', '13877890060', 2, '乡村旅游', '观光茶园', 16200.00),
('韦秀珍', '13877890061', 3, '手工', '木艺制作', 9200.00),
('黄小芳', '13877890062', 3, '水果种植', '6亩柑橘', 15200.00),
('蓝大刚', '13877890063', 3, '畜禽养殖', '75只鸭', 11800.00),
('罗秀兰', '13877890064', 3, '特色加工', '腊肠制作', 13500.00),
('龙志明', '13877890065', 3, '乡村旅游', '度假村', 17800.00),
('覃秀英', '13877890066', 4, '手工', '刺绣作品', 10800.00),
('韦小梅', '13877890067', 4, '水果种植', '3亩火龙果', 12200.00),
('黄大勇', '13877890068', 4, '畜禽养殖', '50只山羊', 10500.00),
('蓝秀芳', '13877890069', 4, '特色加工', '酱料制作', 14200.00),
('罗志刚', '13877890070', 4, '乡村旅游', '露营基地', 16800.00),
('龙秀珍', '13877890071', 5, '手工', '藤艺制品', 9500.00),
('覃小玲', '13877890072', 5, '水果种植', '5亩香蕉', 13800.00),
('韦大刚', '13877890073', 5, '畜禽养殖', '60只鹅', 12500.00),
('黄秀梅', '13877890074', 5, '特色加工', '蜜饯制作', 11200.00),
('蓝志明', '13877890075', 5, '乡村旅游', '文化体验', 15500.00),
('罗秀英', '13877890076', 6, '手工', '竹编产品', 11800.00),
('龙小芳', '13877890077', 6, '水果种植', '4亩龙眼', 12800.00),
('覃大伟', '13877890078', 6, '畜禽养殖', '70只鸡', 9800.00),
('韦秀兰', '13877890079', 6, '特色加工', '豆腐乳', 11200.00),
('黄志刚', '13877890080', 6, '乡村旅游', '生态观光', 16200.00),
('蓝秀珍', '13877890081', 7, '手工', '壮锦制作', 10800.00),
('罗小梅', '13877890082', 7, '水果种植', '6亩砂糖橘', 15200.00),
('龙大勇', '13877890083', 7, '畜禽养殖', '45只兔子', 11800.00),
('覃秀芳', '13877890084', 7, '特色加工', '泡菜制作', 13500.00),
('韦志明', '13877890085', 7, '乡村旅游', '农庄体验', 17800.00),
('黄秀珍', '13877890086', 8, '手工', '银饰加工', 9200.00),
('蓝小玲', '13877890087', 8, '水果种植', '3亩葡萄', 12200.00),
('罗大刚', '13877890088', 8, '畜禽养殖', '55只鸭', 10500.00),
('龙秀梅', '13877890089', 8, '特色加工', '茶叶精制', 14200.00),
('覃志强', '13877890090', 8, '乡村旅游', '写生创作', 16800.00),
('韦秀英', '13877890091', 9, '手工', '民族工艺', 11800.00),
('黄小芳', '13877890092', 9, '水果种植', '5亩柿子', 13800.00),
('蓝大伟', '13877890093', 9, '畜禽养殖', '80只猪', 12500.00),
('罗秀兰', '13877890094', 9, '特色加工', '食用油生产', 11200.00),
('龙志刚', '13877890095', 9, '乡村旅游', '康养中心', 15500.00),
('覃秀珍', '13877890096', 10, '手工', '手工艺坊', 8800.00),
('韦小梅', '13877890097', 10, '水果种植', '4亩枇杷', 13200.00),
('黄大勇', '13877890098', 10, '畜禽养殖', '65只鸡', 10800.00),
('蓝秀芳', '13877890099', 10, '特色加工', '酱菜生产', 9800.00),
('罗志明', '13877890100', 10, '乡村旅游', '文化广场', 14800.00);



INSERT INTO PovertyAlleviationProjects (ProjectID, ProjectName, CategoryID, SupportFunds, ProjectStatus) VALUES
(1, '凤山县壮族刺绣技艺培训项目', 1, 150000.00, '进行中'),
(2, '巴烈村竹编手工艺品开发项目', 1, 200000.00, '已完成'),
(3, '久文村民族服饰制作帮扶项目', 1, 120000.00, '进行中'),
(4, '拉仁村藤编家具产业化项目', 1, 180000.00, '筹备中'),
(5, '凤山县优质芒果种植示范基地', 2, 300000.00, '进行中'),
(6, '板任村砂糖橘标准化种植项目', 2, 250000.00, '已完成'),
(7, '板叶村火龙果种植技术推广', 2, 180000.00, '进行中'),
(8, '凤山县特色荔枝产业开发项目', 2, 220000.00, '筹备中'),
(9, '凤山镇土鸡生态养殖项目', 3, 280000.00, '已完成'),
(10, '长洲镇黑猪规模化养殖项目', 3, 190000.00, '进行中'),
(11, '三门海镇罗非鱼养殖基地', 3, 210000.00, '进行中'),
(12, '砦牙乡山羊养殖技术帮扶', 3, 160000.00, '筹备中'),
(13, '乔音乡特色酸笋加工项目', 4, 140000.00, '进行中'),
(14, '凤山县辣椒酱产业化项目', 4, 170000.00, '已完成'),
(15, '巴烈村传统米酒酿造开发', 4, 130000.00, '进行中'),
(16, '久文村腊肉加工技术提升', 4, 150000.00, '筹备中'),
(17, '凤山县乡村旅游民宿开发', 5, 350000.00, '进行中'),
(18, '拉仁村农家乐餐饮服务项目', 5, 280000.00, '已完成'),
(19, '板任村生态观光果园建设', 5, 320000.00, '进行中'),
(20, '板叶村康养旅游基地开发', 5, 400000.00, '筹备中');

INSERT INTO ResponsiblePersons (PersonName, ContactPhone, CategoryID, WorkScope) VALUES
('张三', '13877891001', 1, '负责手工艺品质量监督和市场推广'),
('李四', '13877891002', 1, '负责手工艺技能培训和学员管理'),
('王五', '13877891003', 2, '负责水果种植技术指导和病虫害防治'),
('赵六', '13877891004', 2, '负责水果销售渠道建设和品牌推广'),
('钱七', '13877891005', 3, '负责畜禽养殖技术培训和疫病防控'),
('孙八', '13877891006', 3, '负责畜禽产品销售和冷链物流'),
('周九', '13877891007', 4, '负责特色加工产品质量控制和标准化'),
('吴十', '13877891008', 4, '负责加工产品销售和电商平台运营'),
('郑十一', '13877891009', 5, '负责乡村旅游项目规划和基础设施建设'),
('王十二', '13877891010', 5, '负责乡村旅游宣传推广和游客服务'),
('李十三', '13877891011', 1, '负责手工艺品原材料采购和供应链管理'),
('陈十四', '13877891012', 2, '负责水果种植示范基地建设和新品种引进'),
('黄十五', '13877891013', 3, '负责畜禽养殖环保处理和可持续发展'),
('林十六', '13877891014', 4, '负责特色加工设备维护和技术升级'),
('刘十七', '13877891015', 5, '负责乡村旅游从业人员培训和服务质量监控');

INSERT INTO Orders (CategoryID, EnterpriseID, HouseholdID, Quantity, UnitPrice, OrderStatus, OrderDate) VALUES
-- 手工类订单 (10个)
(1, 1, 1, 50.00, 120.00, 2, '2023-03-15'),   -- 韦志强-竹编工艺品
(1, 2, 6, 30.00, 85.00, 2, '2023-04-20'),    -- 覃志明-壮族刺绣
(1, 3, 11, 25.00, 150.00, 1, '2023-05-10'),  -- 龙志勇-木雕工艺品
(1, 4, 16, 15.00, 200.00, 2, '2023-06-05'),  -- 罗秀珍-藤编家具
(1, 5, 21, 40.00, 180.00, 1, '2023-07-12'),  -- 蓝秀英-水墨画作品
(1, 6, 26, 20.00, 220.00, 2, '2023-08-18'),  -- 黄秀珍-银饰工艺品
(1, 1, 31, 35.00, 130.00, 1, '2023-09-22'),  -- 韦秀英-竹编工艺品
(1, 2, 36, 45.00, 95.00, 2, '2023-10-08'),   -- 覃秀珍-壮族刺绣
(1, 3, 41, 28.00, 160.00, 1, '2023-11-15'),  -- 韦秀珍-木雕工艺品
(1, 4, 46, 18.00, 190.00, 2, '2023-12-03'),  -- 罗秀英-藤编家具

-- 水果种植类订单 (10个)
(2, 7, 2, 500.00, 8.50, 2, '2023-03-20'),    -- 黄秀英-芒果
(2, 8, 7, 300.00, 12.00, 1, '2023-04-25'),   -- 韦春花-荔枝
(2, 9, 12, 400.00, 6.80, 2, '2023-05-15'),   -- 覃秀梅-砂糖橘
(2, 10, 17, 250.00, 9.50, 1, '2023-06-10'),  -- 龙小花-火龙果
(2, 11, 22, 350.00, 5.20, 2, '2023-07-18'),  -- 罗小梅-香蕉
(2, 12, 27, 280.00, 10.50, 1, '2023-08-22'), -- 蓝小玲-龙眼
(2, 7, 32, 450.00, 7.80, 2, '2023-09-28'),   -- 黄小芳-芒果
(2, 8, 37, 320.00, 11.20, 1, '2023-10-12'),  -- 韦小梅-荔枝
(2, 9, 42, 380.00, 6.50, 2, '2023-11-05'),   -- 覃小玲-砂糖橘
(2, 10, 47, 290.00, 8.90, 1, '2023-12-18'),  -- 龙小芳-火龙果

-- 畜禽养殖类订单 (10个)
(3, 13, 3, 80.00, 45.00, 2, '2023-03-08'),   -- 蓝凤仙-土鸡
(3, 14, 8, 25.00, 120.00, 1, '2023-04-12'),  -- 黄大强-黑猪
(3, 15, 13, 150.00, 18.50, 2, '2023-05-20'), -- 韦大伟-罗非鱼
(3, 16, 18, 35.00, 85.00, 1, '2023-06-15'),  -- 覃大勇-山羊
(3, 17, 23, 120.00, 12.00, 2, '2023-07-22'), -- 龙大刚-鸭蛋
(3, 18, 28, 60.00, 32.00, 1, '2023-08-28'),  -- 罗大伟-对虾
(3, 13, 33, 70.00, 42.00, 2, '2023-09-10'),  -- 蓝大勇-土鸡
(3, 14, 38, 30.00, 115.00, 1, '2023-10-25'), -- 黄大刚-黑猪
(3, 15, 43, 130.00, 16.80, 2, '2023-11-08'), -- 韦大勇-罗非鱼
(3, 16, 48, 40.00, 78.00, 1, '2023-12-22'),  -- 覃大刚-山羊

-- 特色加工类订单 (10个)
(4, 19, 4, 200.00, 25.00, 2, '2023-03-25'),  -- 罗建国-螺蛳粉
(4, 20, 9, 150.00, 18.00, 1, '2023-04-18'),  -- 蓝秀芬-辣椒酱
(4, 21, 14, 180.00, 22.00, 2, '2023-05-12'), -- 黄小玲-酸笋
(4, 22, 19, 120.00, 35.00, 1, '2023-06-20'), -- 韦小芬-三花酒
(4, 23, 24, 160.00, 28.00, 2, '2023-07-15'), -- 覃秀芳-龟苓膏
(4, 24, 29, 140.00, 20.00, 1, '2023-08-10'), -- 龙秀梅-脐橙干
(4, 19, 34, 190.00, 23.50, 2, '2023-09-28'), -- 罗秀兰-螺蛳粉
(4, 20, 39, 170.00, 16.80, 1, '2023-10-15'), -- 蓝秀芳-辣椒酱
(4, 21, 44, 210.00, 19.50, 2, '2023-11-22'), -- 黄秀梅-酸笋
(4, 22, 49, 130.00, 32.00, 1, '2023-12-08'), -- 韦秀兰-三花酒

-- 乡村旅游类订单 (10个)
(5, 25, 5, 500.00, 15.00, 2, '2023-03-30'),  -- 龙秀兰-民宿体验券
(5, 26, 10, 300.00, 25.00, 1, '2023-04-22'), -- 罗小芳-农家乐餐饮
(5, 27, 15, 200.00, 45.00, 2, '2023-05-18'), -- 蓝志刚-漓江游船票
(5, 28, 20, 150.00, 38.00, 1, '2023-06-25'), -- 黄志强-印象刘三姐门票
(5, 29, 25, 180.00, 28.00, 2, '2023-07-20'), -- 韦志明-银滩观光
(5, 30, 30, 220.00, 32.00, 1, '2023-08-15'), -- 覃志强-德天瀑布门票
(5, 25, 35, 280.00, 16.50, 2, '2023-09-12'), -- 龙志刚-民宿体验券
(5, 26, 40, 190.00, 22.00, 1, '2023-10-28'), -- 罗志明-农家乐餐饮
(5, 27, 45, 240.00, 40.00, 2, '2023-11-15'), -- 蓝志强-漓江游船票
(5, 28, 50, 170.00, 35.00, 1, '2023-12-20'); -- 黄志刚-印象刘三姐门票